open,high,low,close,volume,close_time,regime
64907.3,65129.12,64792.27,65016.23,2198.69,1704063600000,LATERAL
65016.23,65282.24,64543.63,64805.37,12440.34,1704067200000,LATERAL
64805.37,64915.88,64658.67,64793.14,2088.75,1704070800000,LATERAL
64793.14,65604.1,64223.5,65093.28,2318.31,1704074400000,LATERAL
65093.28,65442.68,64809.81,65006.69,6009.52,1704078000000,LATERAL
65006.69,65247.09,64806.98,65112.65,2066.1,1704081600000,LATERAL
65112.65,65348.08,64686.58,64986.68,1429.78,1704085200000,LATERAL
64986.68,65440.79,64803.05,65264.63,1020.87,1704088800000,LATERAL
65264.63,65537.82,64896.68,65061.53,1938.68,1704092400000,LATERAL
65061.53,65518.81,64880.65,65195.26,2214.84,1704096000000,LATERAL
65195.26,65345.39,65127.43,65224.02,1290.16,1704099600000,LATERAL
65224.02,65422.03,64946.08,65279.18,7904.39,1704103200000,LATERAL
65279.18,65637.09,65064.77,65435.15,1998.78,1704106800000,LATERAL
65435.15,65645.53,65058.33,65318.9,1766.86,1704110400000,LATERAL
65318.9,65951.27,64855.62,65689.08,1936.29,1704114000000,LATERAL
65689.08,66075.06,64668.01,65272.51,2100.5,1704117600000,LATERAL
65272.51,65497.92,65086.37,65417.32,1750.65,1704121200000,LATERAL
65417.32,65551.83,65147.87,65331.14,1542.42,1704124800000,LATERAL
65331.14,65546.16,65194.04,65283.91,2250.79,1704128400000,LATERAL
65283.91,65608.51,64836.48,65057.39,1278.35,1704132000000,LATERAL
65057.39,65351.72,64890.36,65227.43,1746.95,1704135600000,LATERAL
65227.43,65693.68,64968.67,65381.87,1490.86,1704139200000,LATERAL
65381.87,65785.72,64978.02,65218.47,838.61,1704142800000,LATERAL
65218.47,65657.42,64705.32,64924.3,1585.19,1704146400000,LATERAL
64924.3,65140.66,64829.42,64927.37,1058.93,1704150000000,LATERAL
64927.37,65245.26,64776.73,65090.89,1447.74,1704153600000,LATERAL
65090.89,65194.13,64895.19,65071.28,1415.08,1704157200000,LATERAL
65071.28,65609.42,64443.14,64746.72,2435.23,1704160800000,LATERAL
64746.72,64917.25,64384.81,64525.47,1251.98,1704164400000,LATERAL
64525.47,64754.88,64258.21,64438.63,2018.71,1704168000000,LATERAL
64438.63,64631.28,64280.69,64388.61,963.86,1704171600000,LATERAL
64388.61,64826.16,64124.62,64593.47,1144.02,1704175200000,LATERAL
64593.47,64818.57,64434.68,64651.55,1100.51,1704178800000,LATERAL
64651.55,64807.79,64550.34,64669.18,2023.09,1704182400000,LATERAL
64669.18,64825.87,64453.3,64674.52,1792.97,1704186000000,LATERAL
64674.52,64873.33,63993.0,64424.77,8242.52,1704189600000,LATERAL
64424.77,65042.28,64113.67,64628.48,1045.69,1704193200000,LATERAL
64628.48,65016.45,63862.54,64338.7,1090.01,1704196800000,LATERAL
64338.7,64643.64,64058.49,64243.96,1389.68,1704200400000,LATERAL
64243.96,64313.23,64093.26,64190.01,2429.55,1704204000000,LATERAL
64190.01,64457.45,64034.18,64266.13,940.64,1704207600000,LATERAL
64266.13,65899.62,63802.25,64977.95,2394.3,1704211200000,LATERAL
64977.95,65578.99,63939.44,64456.35,1253.86,1704214800000,LATERAL
64456.35,64639.69,64147.11,64355.22,11026.3,1704218400000,LATERAL
64355.22,64665.39,64069.88,64393.44,1038.42,1704222000000,LATERAL
64393.44,64811.97,63632.99,63987.07,1942.81,1704225600000,LATERAL
63987.07,64195.7,63760.56,64055.0,2035.89,1704229200000,LATERAL
64055.0,64843.58,61410.67,62756.69,2159.0,1704232800000,HIGH_VOL
62756.69,67537.0,60469.73,65081.93,5526.61,1704236400000,HIGH_VOL
65081.93,66047.85,63455.37,64072.13,6049.82,1704240000000,HIGH_VOL
64072.13,64376.5,63538.72,63891.0,3087.85,1704243600000,HIGH_VOL
63891.0,64623.57,63449.99,64372.72,2190.87,1704247200000,HIGH_VOL
64372.72,65414.41,62422.12,62967.41,5789.63,1704250800000,HIGH_VOL
62967.41,63416.89,62866.05,63131.49,5797.15,1704254400000,HIGH_VOL
63131.49,66080.59,62598.36,64553.08,5281.05,1704258000000,HIGH_VOL
64553.08,66496.93,63201.46,65780.85,2401.48,1704261600000,HIGH_VOL
65780.85,66402.31,65573.05,65978.57,5981.46,1704265200000,HIGH_VOL
65978.57,69638.84,64988.2,67864.76,5532.23,1704268800000,HIGH_VOL
67864.76,68051.1,66843.24,67410.33,4547.38,1704272400000,HIGH_VOL
67410.33,70461.75,65850.23,69045.92,3318.88,1704276000000,HIGH_VOL
69045.92,69482.99,68145.92,68570.14,4128.15,1704279600000,HIGH_VOL
68570.14,69238.33,67985.72,68958.64,2976.04,1704283200000,HIGH_VOL
68958.64,70288.08,68216.72,69714.89,2517.79,1704286800000,HIGH_VOL
69714.89,70812.03,67660.8,68703.55,4469.75,1704290400000,HIGH_VOL
68703.55,69088.41,67998.6,68300.98,5040.48,1704294000000,HIGH_VOL
68300.98,68382.42,68242.47,68327.12,2525.95,1704297600000,HIGH_VOL
68327.12,68984.51,67519.13,67752.08,3279.03,1704301200000,HIGH_VOL
67752.08,69006.72,67241.27,68370.83,6061.4,1704304800000,HIGH_VOL
68370.83,69185.24,66541.95,67549.5,2105.65,1704308400000,HIGH_VOL
67549.5,68034.98,67201.13,67744.79,2450.06,1704312000000,HIGH_VOL
67744.79,68242.63,67465.12,68000.9,6106.49,1704315600000,HIGH_VOL
68000.9,68953.24,66467.12,67002.91,5418.53,1704319200000,HIGH_VOL
67002.91,67377.22,65612.97,66317.67,2075.81,1704322800000,HIGH_VOL
66317.67,67086.89,64596.96,65483.76,5386.47,1704326400000,HIGH_VOL
65483.76,65715.59,65148.88,65291.88,4575.57,1704330000000,HIGH_VOL
65291.88,69873.51,62816.94,67807.06,3753.43,1704333600000,HIGH_VOL
67807.06,70137.73,67072.25,69117.56,4770.71,1704337200000,HIGH_VOL
69117.56,70547.53,65975.34,67389.62,3053.32,1704340800000,HIGH_VOL
67389.62,67980.27,64947.83,66123.68,5470.42,1704344400000,HIGH_VOL
66123.68,67341.0,64247.65,64798.32,4526.34,1704348000000,HIGH_VOL
64798.32,67987.18,64030.94,66739.78,3318.92,1704351600000,HIGH_VOL
66739.78,68243.71,65908.0,67626.32,2703.51,1704355200000,HIGH_VOL
67626.32,67887.23,67259.52,67461.55,8162.4,1704358800000,HIGH_VOL
67461.55,68057.58,67115.19,67721.16,2226.87,1704362400000,HIGH_VOL
67721.16,70244.02,66808.24,68898.47,3672.93,1704366000000,HIGH_VOL
68898.47,69144.64,68679.9,68951.48,5718.77,1704369600000,HIGH_VOL
68951.48,69617.68,68661.71,69317.06,2771.37,1704373200000,HIGH_VOL
69317.06,73688.79,67520.55,71841.83,4427.74,1704376800000,HIGH_VOL
71841.83,72634.77,70347.42,70897.11,3587.86,1704380400000,HIGH_VOL
70897.11,71439.86,69101.93,69546.63,42254.88,1704384000000,HIGH_VOL
69546.63,71428.93,65659.71,67485.79,5585.19,1704387600000,HIGH_VOL
67485.79,68434.99,65648.49,66202.54,5408.61,1704391200000,HIGH_VOL
66202.54,66405.29,65932.35,66252.69,5310.73,1704394800000,HIGH_VOL
66252.69,66587.78,65694.11,65957.4,4185.45,1704398400000,HIGH_VOL
65957.4,67390.69,60205.31,63106.37,3636.63,1704402000000,HIGH_VOL
63106.37,63835.43,62656.66,63418.65,2594.02,1704405600000,HIGH_VOL
63418.65,64072.31,63084.42,63767.48,2988.42,1704409200000,HIGH_VOL
63767.48,65229.64,63008.41,64710.51,3391.86,1704412800000,HIGH_VOL
64710.51,66184.25,62550.43,63542.73,3261.73,1704416400000,HIGH_VOL
63542.73,64945.54,62725.46,64172.07,4043.87,1704420000000,HIGH_VOL
64172.07,65045.77,63648.05,64648.16,5606.38,1704423600000,HIGH_VOL
64648.16,66208.71,63598.04,65563.88,4264.07,1704427200000,HIGH_VOL
65563.88,66600.23,63821.88,64774.63,5123.3,1704430800000,HIGH_VOL
64774.63,66166.56,64089.9,65640.71,5658.06,1704434400000,HIGH_VOL
65640.71,67970.86,64492.21,66963.77,2404.16,1704438000000,HIGH_VOL
66963.77,68634.94,66422.89,67799.09,5977.74,1704441600000,HIGH_VOL
67799.09,68388.04,65785.55,66439.65,5403.76,1704445200000,HIGH_VOL
66439.65,67783.63,65972.38,67160.89,5379.24,1704448800000,HIGH_VOL
67160.89,67395.02,67066.62,67189.06,4507.82,1704452400000,HIGH_VOL
67189.06,67753.77,66806.44,67540.1,4401.04,1704456000000,HIGH_VOL
67540.1,68490.02,63996.09,64926.74,4221.19,1704459600000,HIGH_VOL
64926.74,65591.65,64326.82,65380.16,4091.65,1704463200000,HIGH_VOL
65380.16,65941.02,64237.93,64711.08,2508.87,1704466800000,HIGH_VOL
64711.08,67003.96,63130.03,66361.48,4795.92,1704470400000,HIGH_VOL
66361.48,66655.91,65298.41,65705.08,4852.73,1704474000000,HIGH_VOL
65705.08,66340.84,65479.03,65958.74,5240.76,1704477600000,HIGH_VOL
65958.74,66794.62,64093.79,64979.45,3336.37,1704481200000,HIGH_VOL
64979.45,66019.72,64564.98,65399.01,5978.54,1704484800000,HIGH_VOL
65399.01,65584.85,65087.81,65249.53,5101.16,1704488400000,HIGH_VOL
65249.53,65596.81,63754.72,64326.13,5316.28,1704492000000,HIGH_VOL
64326.13,64408.01,64173.79,64329.53,6193.18,1704495600000,HIGH_VOL
64329.53,66099.91,63350.85,65256.23,2503.53,1704499200000,HIGH_VOL
65256.23,65666.86,64826.23,65017.58,2518.17,1704502800000,HIGH_VOL
65017.58,65526.83,64167.03,64499.69,2052.29,1704506400000,HIGH_VOL
64499.69,65335.87,61608.71,62741.46,3255.28,1704510000000,HIGH_VOL
62741.46,63174.62,60986.65,61883.39,3283.19,1704513600000,HIGH_VOL
61883.39,62423.24,61334.32,62168.58,2470.0,1704517200000,HIGH_VOL
62168.58,62327.38,62056.7,62217.68,3206.61,1704520800000,HIGH_VOL
62217.68,63639.1,61423.63,62962.66,6246.2,1704524400000,HIGH_VOL
62962.66,63526.58,62666.45,63103.17,2384.37,1704528000000,HIGH_VOL
63103.17,64253.27,62628.1,63670.66,3023.52,1704531600000,HIGH_VOL
63670.66,64129.79,63371.52,63876.88,2842.37,1704535200000,HIGH_VOL
63876.88,64988.32,63641.17,64441.49,7017.35,1704538800000,HIGH_VOL
64441.49,66605.34,60739.73,62265.87,5406.3,1704542400000,HIGH_VOL
62265.87,63632.0,57234.92,59813.13,2243.24,1704546000000,HIGH_VOL
59813.13,60111.39,59287.27,59512.92,5281.46,1704549600000,HIGH_VOL
59512.92,61798.48,58095.21,60875.67,2170.64,1704553200000,HIGH_VOL
60875.67,63048.52,59372.66,62297.3,4677.55,1704556800000,HIGH_VOL
62297.3,63010.64,61282.83,61656.28,5122.14,1704560400000,HIGH_VOL
61656.28,62224.81,60981.91,61269.88,5017.09,1704564000000,HIGH_VOL
61269.88,62925.37,59148.01,59825.19,2231.63,1704567600000,HIGH_VOL
59825.19,60739.96,59522.77,60305.88,5757.62,1704571200000,HIGH_VOL
60305.88,61922.41,59446.54,61265.46,2389.81,1704574800000,HIGH_VOL
61265.46,61934.55,59025.92,60142.46,3948.88,1704578400000,HIGH_VOL
60142.46,60487.92,59701.13,59938.89,4432.76,1704582000000,HIGH_VOL
59938.89,62558.3,59306.17,61304.0,3280.71,1704585600000,HIGH_VOL
61304.0,63332.45,60742.18,62428.11,4759.24,1704589200000,HIGH_VOL
62428.11,63225.15,62260.11,62831.18,4160.5,1704592800000,HIGH_VOL
62831.18,62970.24,62711.83,62892.24,1318.0,1704596400000,TREND
62892.24,63171.95,62759.14,62993.33,1878.87,1704600000000,TREND
62993.33,63167.95,62690.69,62825.02,1169.97,1704603600000,TREND
62825.02,62997.56,62449.81,62591.88,861.3,1704607200000,TREND
62591.88,63432.3,62248.37,63062.7,1183.51,1704610800000,TREND
63062.7,63377.82,62812.53,63167.46,1993.4,1704614400000,TREND
63167.46,63323.14,62982.1,63234.68,1337.56,1704618000000,TREND
63234.68,63757.99,63078.14,63506.43,1533.41,1704621600000,TREND
63506.43,65001.21,63223.04,64139.43,1671.66,1704625200000,TREND
64139.43,64406.57,64007.23,64185.59,2365.8,1704628800000,TREND
64185.59,64394.91,63902.18,64170.06,2159.78,1704632400000,TREND
64170.06,64331.85,63694.22,63994.34,1640.04,1704636000000,TREND
63994.34,64330.81,63787.82,64175.47,9824.93,1704639600000,TREND
64175.47,64447.27,63897.91,64307.15,1094.09,1704643200000,TREND
64307.15,64668.28,63464.86,63900.81,824.96,1704646800000,TREND
63900.81,64304.06,63325.77,63575.49,1432.84,1704650400000,TREND
63575.49,63786.99,63325.25,63432.14,1003.44,1704654000000,TREND
63432.14,63538.69,63155.12,63330.0,2492.29,1704657600000,TREND
63330.0,63593.38,62828.32,63224.3,1969.03,1704661200000,TREND
63224.3,63337.52,63023.27,63179.56,7643.62,1704664800000,TREND
63179.56,63423.07,62927.0,63283.8,1078.38,1704668400000,TREND
63283.8,63782.83,62894.48,63517.04,2481.53,1704672000000,TREND
63517.04,63666.71,63240.46,63334.7,2483.55,1704675600000,TREND
63334.7,63913.02,62934.96,63686.3,1467.37,1704679200000,TREND
63686.3,63869.04,63606.3,63741.48,1537.42,1704682800000,TREND
63741.48,63858.12,63509.48,63681.31,1107.58,1704686400000,TREND
63681.31,63984.75,63400.45,63811.59,1195.85,1704690000000,TREND
63811.59,63951.49,63420.6,63709.95,1796.96,1704693600000,TREND
63709.95,63811.4,63350.35,63550.65,1214.23,1704697200000,TREND
63550.65,63715.66,63404.67,63632.84,1903.55,1704700800000,TREND
63632.84,63727.69,63515.23,63620.06,898.78,1704704400000,TREND
63620.06,64135.36,63293.57,63809.8,1375.38,1704708000000,TREND
63809.8,64219.78,63613.98,63964.8,2106.67,1704711600000,TREND
63964.8,64104.14,63879.52,63968.88,2346.24,1704715200000,TREND
63968.88,64104.48,63336.0,63751.41,1379.0,1704718800000,TREND
63751.41,63825.71,63570.51,63655.71,978.47,1704722400000,TREND
63655.71,63870.24,63582.19,63758.31,1872.41,1704726000000,TREND
63758.31,64155.28,63548.65,63993.85,8597.5,1704729600000,TREND
63993.85,64317.46,63826.24,64147.39,1322.81,1704733200000,TREND
64147.39,64186.41,64105.11,64155.98,1272.64,1704736800000,TREND
64155.98,64551.17,63844.44,64225.33,2469.07,1704740400000,TREND
64225.33,64890.71,63957.77,64544.94,2094.44,1704744000000,TREND
64544.94,65218.22,63282.9,64001.06,2437.46,1704747600000,TREND
64001.06,64314.63,63339.73,63774.14,993.98,1704751200000,TREND
63774.14,64041.85,63030.46,63523.66,1740.28,1704754800000,TREND
63523.66,64412.29,63113.09,63924.94,2473.78,1704758400000,TREND
63924.94,64328.0,63309.36,63481.3,17398.92,1704762000000,HIGH_VOL
63481.3,64161.83,62374.91,62946.36,6188.55,1704765600000,HIGH_VOL
62946.36,63684.6,60226.21,61214.11,3749.2,1704769200000,HIGH_VOL
61214.11,62860.01,60377.89,62410.78,4360.71,1704772800000,HIGH_VOL
62410.78,63274.2,62033.97,62911.69,26729.75,1704776400000,HIGH_VOL
62911.69,63799.27,62181.96,63413.57,2464.45,1704780000000,HIGH_VOL
63413.57,64248.07,60977.86,62005.11,5288.31,1704783600000,HIGH_VOL
62005.11,62680.56,59843.65,60760.66,22547.91,1704787200000,HIGH_VOL
60760.66,62914.74,59746.12,62118.39,31471.74,1704790800000,HIGH_VOL
62118.39,62803.28,61125.68,61500.41,2125.83,1704794400000,HIGH_VOL
61500.41,62106.16,60388.18,61085.23,4854.35,1704798000000,HIGH_VOL
61085.23,62092.47,57134.19,58819.82,3479.13,1704801600000,HIGH_VOL
58819.82,59247.02,58081.5,58428.5,4508.86,1704805200000,HIGH_VOL
58428.5,58809.69,57994.36,58146.98,5767.87,1704808800000,HIGH_VOL
58146.98,59205.89,57910.69,58648.59,3453.19,1704812400000,HIGH_VOL
58648.59,59975.79,58364.96,59264.32,6244.66,1704816000000,HIGH_VOL
59264.32,59510.55,58540.93,58932.07,2581.49,1704819600000,HIGH_VOL
58932.07,60525.61,55805.5,57349.65,3667.57,1704823200000,HIGH_VOL
57349.65,59911.61,56107.68,58992.73,2571.06,1704826800000,HIGH_VOL
58992.73,59753.8,57458.35,57969.27,15053.53,1704830400000,HIGH_VOL
57969.27,58325.03,57833.73,58106.01,3458.99,1704834000000,HIGH_VOL
58106.01,59241.27,54896.12,56579.71,5195.84,1704837600000,HIGH_VOL
56579.71,56730.72,55880.14,56258.14,5812.24,1704841200000,HIGH_VOL
56258.14,57129.98,53925.92,54845.21,5863.53,1704844800000,HIGH_VOL
54845.21,56208.94,51688.28,52686.97,4510.67,1704848400000,HIGH_VOL
52686.97,53087.69,51420.38,52086.7,3025.83,1704852000000,HIGH_VOL
52086.7,52456.41,51837.74,52348.91,5715.84,1704855600000,HIGH_VOL
52348.91,53008.22,52185.97,52670.23,5365.89,1704859200000,HIGH_VOL
52670.23,54066.76,51842.74,53320.28,4024.09,1704862800000,HIGH_VOL
53320.28,53598.93,52573.78,52870.36,5462.21,1704866400000,HIGH_VOL
52870.36,53145.37,52308.64,52494.09,2787.01,1704870000000,HIGH_VOL
52494.09,54349.64,51727.12,53706.38,4774.92,1704873600000,HIGH_VOL
53706.38,54110.26,53457.15,53947.23,29948.71,1704877200000,HIGH_VOL
53947.23,54404.33,52670.98,53239.42,2174.59,1704880800000,HIGH_VOL
53239.42,53818.32,51701.0,52429.5,3934.25,1704884400000,HIGH_VOL
52429.5,54086.47,51351.45,53320.81,2216.58,1704888000000,HIGH_VOL
53320.81,53419.84,53078.5,53252.8,2257.25,1704891600000,HIGH_VOL
53252.8,54209.88,51886.02,52485.82,3283.8,1704895200000,HIGH_VOL
52485.82,53397.37,52259.97,52994.36,2007.06,1704898800000,HIGH_VOL
52994.36,53697.44,51265.31,52130.41,2005.24,1704902400000,HIGH_VOL
52130.41,53035.27,50246.29,51137.03,3415.65,1704906000000,HIGH_VOL
51137.03,51583.41,50383.88,50839.6,5575.12,1704909600000,HIGH_VOL
50839.6,52360.89,50417.28,51715.95,3030.55,1704913200000,HIGH_VOL
51715.95,52455.43,50378.57,50961.38,2970.07,1704916800000,HIGH_VOL
50961.38,51916.06,50422.57,51550.81,2206.42,1704920400000,HIGH_VOL
51550.81,52047.69,51151.8,51889.45,9742.21,1704924000000,HIGH_VOL
51889.45,52275.68,51680.02,52093.13,2039.35,1704927600000,HIGH_VOL
52093.13,53438.42,51443.82,52728.08,2470.18,1704931200000,HIGH_VOL
52728.08,54002.48,52425.5,53532.1,4419.15,1704934800000,HIGH_VOL
53532.1,54108.37,51461.03,51990.49,2020.15,1704938400000,HIGH_VOL
51990.49,55036.39,50615.69,53438.41,2691.66,1704942000000,HIGH_VOL
53438.41,54019.41,52133.71,52683.0,3080.62,1704945600000,HIGH_VOL
52683.0,53322.9,51261.29,51840.21,4564.55,1704949200000,HIGH_VOL
51840.21,53742.5,50764.89,52740.36,5455.93,1704952800000,HIGH_VOL
52740.36,53571.95,52495.33,53244.88,4553.12,1704956400000,HIGH_VOL
53244.88,54069.09,52976.69,53750.68,10549.58,1704960000000,HIGH_VOL
53750.68,54850.09,50662.29,52264.49,2080.9,1704963600000,HIGH_VOL
52264.49,52647.67,50574.55,51217.76,5009.39,1704967200000,HIGH_VOL
51217.76,52838.83,50089.91,52287.67,5782.58,1704970800000,HIGH_VOL
52287.67,52334.51,52201.95,52276.86,2610.8,1704974400000,HIGH_VOL
52276.86,52903.23,52017.95,52578.83,4155.99,1704978000000,HIGH_VOL
52578.83,52693.4,52343.35,52516.46,2070.46,1704981600000,HIGH_VOL
52516.46,54056.43,52006.87,53228.46,2539.37,1704985200000,HIGH_VOL
53228.46,53310.08,53148.94,53244.0,4278.85,1704988800000,HIGH_VOL
53244.0,53416.58,52991.64,53098.58,2214.71,1704992400000,HIGH_VOL
53098.58,53711.21,52547.51,53499.94,4820.39,1704996000000,HIGH_VOL
53499.94,53628.33,53265.08,53377.3,4531.78,1704999600000,HIGH_VOL
53377.3,55019.77,52959.17,54211.46,3078.07,1705003200000,HIGH_VOL
54211.46,54866.15,52349.98,53287.49,3683.71,1705006800000,HIGH_VOL
53287.49,55129.17,52083.59,54340.05,4409.49,1705010400000,HIGH_VOL
54340.05,55348.62,52896.48,53281.18,3781.91,1705014000000,HIGH_VOL
53281.18,53596.02,52831.75,53093.65,5383.12,1705017600000,HIGH_VOL
53093.65,53399.18,52285.73,52659.81,2399.81,1705021200000,HIGH_VOL
52659.81,52976.82,52014.88,52312.13,4900.97,1705024800000,HIGH_VOL
52312.13,52853.99,50874.6,51376.14,2758.38,1705028400000,HIGH_VOL
51376.14,51805.82,49473.13,50439.18,3996.65,1705032000000,HIGH_VOL
50439.18,50510.92,50301.81,50442.09,3610.97,1705035600000,HIGH_VOL
50442.09,51922.75,49970.32,51380.16,5107.33,1705039200000,HIGH_VOL
51380.16,53048.59,50302.85,52618.13,2444.61,1705042800000,HIGH_VOL
52618.13,52912.49,51255.63,51987.2,5391.91,1705046400000,HIGH_VOL
51987.2,53994.31,50983.33,53129.37,40746.38,1705050000000,HIGH_VOL
53129.37,53180.18,53030.56,53137.76,5057.08,1705053600000,HIGH_VOL
53137.76,53393.63,52985.74,53224.86,3356.31,1705057200000,HIGH_VOL
53224.86,54438.36,52674.99,53910.59,3738.84,1705060800000,HIGH_VOL
53910.59,54362.22,53083.06,53587.99,3987.47,1705064400000,HIGH_VOL
53587.99,53702.04,53428.77,53592.73,3674.95,1705068000000,HIGH_VOL
53592.73,54052.01,53233.64,53851.85,4909.39,1705071600000,HIGH_VOL
53851.85,55117.15,53413.54,54389.72,3035.29,1705075200000,HIGH_VOL
54389.72,54544.64,54228.46,54319.12,5744.4,1705078800000,HIGH_VOL
54319.12,55530.21,54044.99,55001.67,2789.51,1705082400000,HIGH_VOL
55001.67,55301.47,54143.84,54483.87,16777.28,1705086000000,HIGH_VOL
54483.87,55377.86,53723.8,55077.29,4773.21,1705089600000,HIGH_VOL
55077.29,55730.33,51937.74,53409.36,3072.85,1705093200000,HIGH_VOL
53409.36,53653.84,53043.76,53302.84,5726.02,1705096800000,HIGH_VOL
53302.84,54764.16,52789.27,54070.27,6175.06,1705100400000,HIGH_VOL
54070.27,54306.46,53910.99,54089.26,1317.59,1705104000000,LATERAL
54089.26,54308.29,53625.3,53925.04,2237.85,1705107600000,LATERAL
53925.04,54050.98,53753.57,53888.5,1081.03,1705111200000,LATERAL
53888.5,54009.85,53734.7,53868.08,2248.29,1705114800000,LATERAL
53868.08,53938.51,53726.11,53811.65,1303.26,1705118400000,LATERAL
53811.65,53993.24,53646.52,53837.14,2092.03,1705122000000,LATERAL
53837.14,54194.05,53618.6,53941.18,2400.62,1705125600000,LATERAL
53941.18,54074.92,53857.92,53926.4,970.67,1705129200000,LATERAL
53926.4,54048.99,53688.99,53855.9,1105.14,1705132800000,LATERAL
53855.9,53978.26,53686.79,53892.28,1216.94,1705136400000,LATERAL
53892.28,54112.78,53736.04,53968.16,2286.78,1705140000000,LATERAL
53968.16,54157.78,53851.66,54002.9,1222.29,1705143600000,LATERAL
54002.9,54157.81,53843.99,53982.03,2398.03,1705147200000,LATERAL
53982.03,54095.58,53876.3,53944.55,1680.02,1705150800000,LATERAL
53944.55,53986.28,53879.58,53933.42,1712.17,1705154400000,LATERAL
53933.42,54110.03,53811.47,53938.39,1013.63,1705158000000,LATERAL
53938.39,54097.14,53804.85,54014.84,2420.45,1705161600000,LATERAL
54014.84,54201.24,53863.44,54053.56,1153.12,1705165200000,LATERAL
54053.56,54216.96,53917.65,54115.37,1002.22,1705168800000,LATERAL
54115.37,54240.72,53926.44,54173.71,1833.82,1705172400000,LATERAL
54173.71,54368.99,53991.9,54192.76,1704.21,1705176000000,LATERAL
54192.76,54448.23,53810.28,54000.07,2191.12,1705179600000,LATERAL
54000.07,54135.61,53718.91,53887.07,1059.89,1705183200000,LATERAL
53887.07,54039.41,53706.97,53810.98,885.18,1705186800000,LATERAL
53810.98,54086.02,53585.79,53779.34,1858.6,1705190400000,LATERAL
53779.34,53942.46,53649.45,53806.01,1160.32,1705194000000,LATERAL
53806.01,53859.31,53673.41,53740.5,15028.04,1705197600000,LATERAL
53740.5,53841.11,53609.02,53723.79,905.51,1705201200000,LATERAL
53723.79,53804.41,53651.76,53726.05,1058.96,1705204800000,LATERAL
53726.05,53846.25,53586.21,53740.63,2367.15,1705208400000,LATERAL
53740.63,53869.44,53374.36,53672.63,1583.87,1705212000000,LATERAL
53672.63,53971.39,53328.51,53580.28,1603.73,1705215600000,LATERAL
53580.28,53793.86,53256.85,53480.69,1101.3,1705219200000,LATERAL
53480.69,53584.02,53422.92,53505.03,868.43,1705222800000,LATERAL
53505.03,53663.29,53430.21,53526.56,2074.35,1705226400000,LATERAL
53526.56,53645.97,53396.43,53506.88,1921.99,1705230000000,LATERAL
53506.88,53708.94,53357.8,53603.17,1422.77,1705233600000,LATERAL
53603.17,53741.4,53536.57,53596.02,1755.09,1705237200000,LATERAL
53596.02,53669.69,53507.55,53603.91,2342.05,1705240800000,LATERAL
53603.91,53727.4,53441.3,53600.05,1382.02,1705244400000,LATERAL
53600.05,53763.94,53550.47,53641.37,1013.87,1705248000000,LATERAL
53641.37,53781.1,53591.91,53685.07,1914.38,1705251600000,LATERAL
53685.07,53873.39,53511.37,53709.8,1355.13,1705255200000,LATERAL
53709.8,53852.38,53563.25,53677.12,2263.07,1705258800000,LATERAL
53677.12,53724.86,53512.68,53610.55,1019.92,1705262400000,LATERAL
53610.55,53700.42,53389.15,53588.6,1281.99,1705266000000,LATERAL
53588.6,53815.91,53428.25,53609.19,1144.29,1705269600000,LATERAL
53609.19,53863.81,53180.68,53472.01,2419.97,1705273200000,LATERAL
53472.01,53552.1,53445.93,53474.36,1863.31,1705276800000,LATERAL
53474.36,53661.23,53339.16,53551.6,1479.45,1705280400000,LATERAL
53551.6,53635.8,53505.67,53583.19,1480.1,1705284000000,LATERAL
53583.19,53742.0,53493.89,53647.46,1554.7,1705287600000,LATERAL
53647.46,53934.74,53448.61,53691.65,1347.77,1705291200000,LATERAL
53691.65,53801.15,53573.21,53737.25,1874.74,1705294800000,LATERAL
53737.25,53812.59,53557.52,53681.16,2351.54,1705298400000,LATERAL
53681.16,53869.17,53373.48,53618.85,2462.95,1705302000000,LATERAL
53618.85,53755.24,53552.45,53605.55,2096.4,1705305600000,LATERAL
53605.55,53732.59,53435.34,53515.88,1208.38,1705309200000,LATERAL
53515.88,53664.33,53310.63,53542.64,1238.27,1705312800000,LATERAL
53542.64,53696.76,53331.66,53532.64,1172.06,1705316400000,LATERAL
53532.64,53726.17,53451.36,53606.36,5078.92,1705320000000,LATERAL
53606.36,53870.81,53356.72,53636.01,2226.6,1705323600000,LATERAL
53636.01,53883.48,53506.07,53623.18,996.7,1705327200000,LATERAL
53623.18,53872.83,53306.95,53519.47,1127.4,1705330800000,LATERAL
53519.47,53745.49,53389.13,53605.34,1853.44,1705334400000,LATERAL
53605.34,53770.17,53476.38,53698.94,918.39,1705338000000,LATERAL
53698.94,53929.32,53517.64,53727.18,1260.07,1705341600000,LATERAL
53727.18,53834.96,53623.54,53700.52,990.14,1705345200000,LATERAL
53700.52,53863.12,53481.43,53743.18,1519.94,1705348800000,LATERAL
53743.18,53896.63,53546.39,53743.73,1966.48,1705352400000,LATERAL
53743.73,53889.61,53571.96,53700.89,2499.02,1705356000000,LATERAL
53700.89,54055.73,53407.38,53804.07,2037.33,1705359600000,LATERAL
53804.07,54092.83,53500.34,53885.35,1584.06,1705363200000,LATERAL
53885.35,54081.11,53644.59,53924.55,1942.85,1705366800000,LATERAL
53924.55,54099.27,53855.31,53970.5,2214.6,1705370400000,LATERAL
53970.5,54223.52,53861.65,54056.08,1346.63,1705374000000,LATERAL
54056.08,54130.25,53937.06,54038.23,1635.14,1705377600000,LATERAL
54038.23,54262.64,53956.22,54044.94,2294.42,1705381200000,LATERAL
54044.94,54171.58,53873.78,54021.21,5573.43,1705384800000,LATERAL
54021.21,54108.78,53926.11,54021.41,1541.74,1705388400000,LATERAL
54021.41,54146.24,53888.37,54009.32,1908.84,1705392000000,LATERAL
54009.32,54204.23,53875.06,54002.86,1049.67,1705395600000,LATERAL
54002.86,54258.98,53827.93,53944.2,1716.2,1705399200000,LATERAL
53944.2,54170.11,53722.96,54034.87,1470.62,1705402800000,LATERAL
54034.87,54123.39,53982.36,54038.92,2078.96,1705406400000,LATERAL
54038.92,54198.02,53945.51,54039.17,1589.96,1705410000000,LATERAL
54039.17,54409.8,53566.58,53907.86,1154.24,1705413600000,LATERAL
53907.86,54071.04,53864.33,53953.1,946.17,1705417200000,LATERAL
53953.1,54207.21,53792.08,54019.97,2199.28,1705420800000,LATERAL
54019.97,54216.13,53817.95,54083.21,1033.26,1705424400000,LATERAL
54083.21,54288.37,53848.65,54129.1,1467.96,1705428000000,LATERAL
54129.1,54310.41,53978.29,54226.1,2283.86,1705431600000,LATERAL
54226.1,54388.3,53985.14,54147.92,1915.33,1705435200000,LATERAL
54147.92,54313.34,53964.75,54048.8,1762.92,1705438800000,LATERAL
54048.8,54533.41,53948.54,54210.48,6520.26,1705442400000,LATERAL
54210.48,54375.33,53918.25,54134.81,1626.53,1705446000000,LATERAL
54134.81,54250.22,53987.13,54069.2,2088.45,1705449600000,LATERAL
54069.2,54293.53,53914.63,54019.14,1455.13,1705453200000,LATERAL
54019.14,54405.16,53614.18,53740.16,3705.34,1705456800000,TREND
53740.16,53908.43,53482.96,53613.44,1898.69,1705460400000,TREND
53613.44,53727.67,53463.17,53541.6,1598.93,1705464000000,TREND
53541.6,53759.63,53241.06,53433.86,901.13,1705467600000,TREND
53433.86,54606.42,53155.34,54018.97,1132.33,1705471200000,TREND
54018.97,54825.01,53457.96,54459.53,968.57,1705474800000,TREND
54459.53,54580.64,54095.19,54277.39,1099.44,1705478400000,TREND
54277.39,54412.15,53806.57,54044.12,1344.68,1705482000000,TREND
54044.12,54235.83,53246.91,53740.2,1407.53,1705485600000,TREND
53740.2,54422.96,53364.51,53990.19,1149.16,1705489200000,TREND
53990.19,54290.85,53397.53,53738.45,969.71,1705492800000,TREND
53738.45,54049.4,52709.99,53147.43,1853.27,1705496400000,TREND
53147.43,53966.17,52870.56,53531.02,2082.26,1705500000000,TREND
53531.02,53896.89,53234.1,53631.32,12487.53,1705503600000,TREND
53631.32,54079.36,53365.45,53831.26,2412.7,1705507200000,TREND
53831.26,54158.13,53713.85,53980.85,1089.58,1705510800000,TREND
53980.85,54370.98,53297.32,53582.2,1639.24,1705514400000,TREND
53582.2,53614.07,53550.22,53581.3,1475.79,1705518000000,TREND
53581.3,53695.84,53466.96,53561.71,1345.85,1705521600000,TREND
53561.71,54536.02,53113.67,54019.6,2272.45,1705525200000,TREND
54019.6,54957.36,53345.14,54523.17,1494.74,1705528800000,TREND
54523.17,54586.72,54439.31,54516.38,2375.51,1705532400000,TREND
54516.38,54743.29,54196.13,54433.64,1359.75,1705536000000,TREND
54433.64,55342.74,53941.34,54887.76,1585.09,1705539600000,TREND
54887.76,55231.04,54445.5,54628.08,1345.22,1705543200000,TREND
54628.08,54714.46,54481.2,54587.41,960.89,1705546800000,TREND
54587.41,55215.72,54408.69,54877.29,1461.46,1705550400000,TREND
54877.29,54964.17,54467.34,54706.18,2084.42,1705554000000,TREND
54706.18,54869.91,54252.63,54412.29,2376.76,1705557600000,TREND
54412.29,54739.66,54170.83,54572.19,889.38,1705561200000,TREND
54572.19,54852.62,54276.3,54424.9,2370.63,1705564800000,TREND
54424.9,54500.28,54187.77,54403.99,865.52,1705568400000,TREND
54403.99,54781.23,54181.76,54490.92,845.11,1705572000000,TREND
54490.92,55197.39,53115.69,53778.82,1643.91,1705575600000,TREND
53778.82,53846.91,53700.78,53769.76,2137.3,1705579200000,TREND
53769.76,53977.36,53534.52,53734.53,1434.2,1705582800000,TREND
53734.53,53866.63,53612.05,53759.65,1073.0,1705586400000,TREND
53759.65,54399.93,52616.06,53069.9,1712.03,1705590000000,TREND
53069.9,53379.61,52264.88,52558.07,2254.59,1705593600000,TREND
52558.07,52787.96,52065.06,52236.4,2292.85,1705597200000,TREND
52236.4,52802.51,50872.45,51441.2,2178.64,1705600800000,TREND
51441.2,51651.66,51212.53,51339.35,2469.65,1705604400000,TREND
51339.35,52210.1,50918.98,51682.19,1428.97,1705608000000,TREND
51682.19,52110.66,50978.86,51301.75,2151.08,1705611600000,TREND
51301.75,51549.74,51181.27,51395.76,1316.45,1705615200000,TREND
51395.76,51490.27,51246.48,51308.38,1684.78,1705618800000,TREND
51308.38,51959.91,50864.72,51638.24,1077.77,1705622400000,TREND
51638.24,51706.33,51547.23,51604.7,9830.61,1705626000000,TREND
51604.7,51721.42,51559.89,51665.87,1164.35,1705629600000,TREND
51665.87,52006.95,51495.39,51862.5,1385.04,1705633200000,TREND
51862.5,52221.09,51696.97,52100.66,1488.49,1705636800000,TREND
52100.66,53059.23,51776.14,52640.22,937.25,1705640400000,TREND
52640.22,53895.71,52329.59,53449.54,1878.2,1705644000000,TREND
53449.54,53690.43,53309.34,53554.92,861.03,1705647600000,TREND
53554.92,53982.18,52889.31,53206.38,15864.15,1705651200000,TREND
53206.38,53899.42,53046.94,53462.96,17931.96,1705654800000,TREND
53462.96,53767.55,52528.48,53034.86,7171.8,1705658400000,TREND
53034.86,53298.55,52788.42,53151.29,1709.33,1705662000000,TREND
53151.29,53389.81,52861.78,52996.92,1475.3,1705665600000,TREND
52996.92,53689.7,52844.75,53252.61,2446.88,1705669200000,TREND
53252.61,53527.65,52794.66,53107.41,1286.28,1705672800000,TREND
53107.41,53808.25,52744.94,53491.86,2274.42,1705676400000,TREND
53491.86,53756.08,52690.15,52994.73,2459.03,1705680000000,TREND
52994.73,53238.47,51875.85,52474.57,1015.79,1705683600000,TREND
52474.57,52741.14,52307.13,52617.3,1723.94,1705687200000,TREND
52617.3,53255.57,52174.11,53042.94,1998.23,1705690800000,TREND
53042.94,53272.93,52737.93,52917.49,1456.78,1705694400000,TREND
52917.49,53063.59,52827.53,52918.96,6572.19,1705698000000,TREND
52918.96,53359.13,52242.32,52610.25,2382.16,1705701600000,TREND
52610.25,52791.14,52293.03,52417.09,1067.79,1705705200000,TREND
52417.09,53160.42,51774.67,52960.79,1171.8,1705708800000,TREND
52960.79,53328.86,52856.09,53110.86,2461.23,1705712400000,TREND
53110.86,53253.56,52856.35,52983.23,4218.62,1705716000000,TREND
52983.23,53568.03,52609.06,53170.22,2351.16,1705719600000,TREND
53170.22,53268.22,53092.96,53139.84,1143.17,1705723200000,TREND
53139.84,54413.2,52649.07,53805.98,2269.03,1705726800000,TREND
53805.98,54358.97,53573.87,54207.88,953.98,1705730400000,TREND
54207.88,54958.2,53678.93,54494.52,2407.68,1705734000000,TREND
54494.52,54618.48,54314.07,54397.35,1718.81,1705737600000,TREND
54397.35,55124.04,54102.89,54814.28,1910.43,1705741200000,TREND
54814.28,55227.65,54552.6,55049.29,1188.7,1705744800000,TREND
55049.29,55419.6,54659.45,55259.91,2392.34,1705748400000,TREND
55259.91,55673.39,54594.17,54952.77,1646.0,1705752000000,TREND
54952.77,55165.97,54654.71,54897.52,1542.33,1705755600000,TREND
54897.52,55201.11,54245.22,54472.05,1612.51,1705759200000,TREND
54472.05,54652.66,54344.08,54558.11,1808.03,1705762800000,TREND
54558.11,54655.12,54425.58,54484.03,886.42,1705766400000,TREND
54484.03,55487.77,53920.76,54938.46,2324.48,1705770000000,TREND
54938.46,55113.08,54628.81,54805.94,2197.76,1705773600000,TREND
54805.94,55042.93,54511.89,54651.56,1527.89,1705777200000,TREND
54651.56,55720.37,53788.89,55359.16,1872.81,1705780800000,TREND
55359.16,55574.53,55134.27,55445.56,1942.15,1705784400000,TREND
55445.56,55763.29,54872.99,55142.02,1522.64,1705788000000,TREND
55142.02,55175.92,55047.55,55126.25,2052.17,1705791600000,TREND
55126.25,55682.63,54139.12,54641.79,2066.85,1705795200000,TREND
54641.79,55238.92,54212.71,54972.17,1865.6,1705798800000,TREND
54972.17,55100.54,54696.32,54882.6,1263.4,1705802400000,TREND
54882.6,55226.19,53901.25,54390.79,1062.52,1705806000000,TREND
54390.79,54695.45,54249.28,54505.06,1699.97,1705809600000,TREND
54505.06,54660.2,54359.16,54581.43,2003.87,1705813200000,TREND
54581.43,54773.79,54135.69,54426.29,1050.62,1705816800000,LATERAL
54426.29,54492.15,54293.24,54356.8,1016.37,1705820400000,LATERAL
54356.8,54665.48,53951.51,54236.17,918.88,1705824000000,LATERAL
54236.17,54311.8,54167.9,54272.48,2071.58,1705827600000,LATERAL
54272.48,54527.35,53914.9,54139.71,2194.95,1705831200000,LATERAL
54139.71,54536.35,53844.51,54288.64,1099.8,1705834800000,LATERAL
54288.64,54502.78,54089.93,54344.8,1209.58,1705838400000,LATERAL
54344.8,54878.11,54221.66,54570.3,1263.77,1705842000000,LATERAL
54570.3,54851.45,54381.63,54632.35,1315.04,1705845600000,LATERAL
54632.35,54890.47,54298.95,54442.15,2097.36,1705849200000,LATERAL
54442.15,54712.63,54262.58,54590.43,1893.1,1705852800000,LATERAL
54590.43,54728.94,54177.23,54447.11,1842.98,1705856400000,LATERAL
54447.11,54543.29,54333.68,54425.86,2145.47,1705860000000,LATERAL
